<?xml version="1.0" encoding="UTF-8"?>
<project-private xmlns="http://www.netbeans.org/ns/project-private/1">
    <editor-bookmarks xmlns="http://www.netbeans.org/ns/editor-bookmarks/2" lastBookmarkId="0"/>
    <open-files xmlns="http://www.netbeans.org/ns/projectui-open-files/2">
        <group>
            <file>file:/C:/Users/WERSELY/OneDrive/Documents/NetBeansProjects/Swiggy/src/swiggy/index2.java</file>
            <file>file:/C:/Users/WERSELY/OneDrive/Documents/NetBeansProjects/Swiggy/src/swiggy/index5.java</file>
            <file>file:/C:/Users/WERSELY/OneDrive/Documents/NetBeansProjects/Swiggy/src/swiggy/index3.java</file>
            <file>file:/C:/Users/WERSELY/OneDrive/Documents/NetBeansProjects/Swiggy/src/swiggy/index1_1.java</file>
            <file>file:/C:/Users/WERSELY/OneDrive/Documents/NetBeansProjects/Swiggy/src/swiggy/index4.java</file>
        </group>
    </open-files>
</project-private>
